Workbook

Sheet Read me
A1: Launch PM toolkit
A2: Synthetic example (Project Kestrel). All names, dates and figures are invented for training.
A4: What this is | B4: Working templates for the Generics & launch course (lessons 9.9 and 9.10), pre-filled with one synthetic launch so you can see them in use.
A5: How to reuse | B5: Copy a sheet, clear the yellow cells, and fill in your own launch. Formulas (black text) recalculate by themselves.
A6: Legend | B6: Yellow cell, blue text = input you type. Black text = formula. Red / Amber / Green = status flags.
A7: Months | B7: Plans count months from deal signature (month 0 = 2 January 2023 in the example).
A8: Sheets | B8: Case · Launch tracker · Country tracker · RACI · Risk register · Decision log · Capstone · and blank copies of RACI, Risk register and Decision log.
A9: Weekly rhythm | B9: What moved, what's late, the top three risks, decisions needed, and a red/amber/green flag per country (lesson 9.9).
A10: Status | B10: Practice, not regulation. Adapt the columns to your company's own templates.
A12: Legend examples:
A13: Input | B13: Type here
A14: Formula | B14: Calculated, don't overwrite

Sheet Case
A1: Project Kestrel: case summary
A2: Synthetic example (Project Kestrel). All names, dates and figures are invented for training.
A4: Product | B4: Molecule K 10 mg and 20 mg film-coated tablets (anonymised cardiovascular molecule)
A5: Legal basis | B5: Generic application, Article 10(1) of Directive 2001/83/EC
A6: Procedure | B6: Decentralised procedure (DCP); RMS: Netherlands; CMS: Germany, France, Spain, Italy, Poland
A7: Licensor | B7: Partner I (Indian manufacturer and dossier owner; finished product made in India)
A8: MAH | B8: Company A (EU marketing authorisation holder; the PM's employer)
A9: EU release site | B9: Site Q (EU contract site in Germany: import testing and QP batch release)
A10: Deal | B10: Licence and supply agreement signed 2 January 2023 (month 0)
A11: Planned first sale | B11: Germany, month 18 (July 2024)
A12: Actual first sale | B12: Germany, month 23 (December 2024): 5 months late
A13: Last gate to open | B13: Released stock (QP release at Site Q), not the licence or the patent
A15: Month 0 date | B15: 44928
A16: SPC expiry (month) | B16: 17

Sheet Launch tracker
A1: Launch tracker: plan vs actual, by phase
A2: Synthetic example (Project Kestrel). All names, dates and figures are invented for training. Variance and status are formulas.
A4: Phase | B4: Owner | C4: Planned start | D4: Planned end | E4: Actual start | F4: Actual end | G4: Slip (days) | H4: Slip (months) | I4: Status | J4: Critical path? | K4: Cause of slip
A5: Deal + dossier transfer | B5: BD / RA | C5: 44928 | D5: 44974 | E5: 44928 | F5: 45002 | G5: =IF(F5="","",F5-D5) -> 28 | H5: =IF(G5="","",ROUND(G5/30.4,1)) -> 0.9 | I5: =IF(F5="","Open",IF(G5<=0,"Green",IF(G5<=30,"Amber","Red"))) -> Amber | J5: Yes | K5: Module 3 arrived in an old non-eCTD format; rebuilding it took an extra month.
A6: Gap analysis + gap closure | B6: RA / QA | C6: 44959 | D6: 45048 | E6: 44959 | F6: 45109 | G6: =IF(F6="","",F6-D6) -> 61 | H6: =IF(G6="","",ROUND(G6/30.4,1)) -> 2 | I6: =IF(F6="","Open",IF(G6<=0,"Green",IF(G6<=30,"Amber","Red"))) -> Red | J6: Yes | K6: Stability data covered only 12 months; the API written confirmation expired during gap closure (renewal 7 weeks).
A7: RMS slot + Module 1 | B7: RA | C7: 44987 | D7: 45048 | E7: 44987 | F7: 45109 | G7: =IF(F7="","",F7-D7) -> 61 | H7: =IF(G7="","",ROUND(G7/30.4,1)) -> 2 | I7: =IF(F7="","Open",IF(G7<=0,"Green",IF(G7<=30,"Amber","Red"))) -> Red | J7: No | K7: Waited for gap closure; RMS slot moved from month 4 to month 6.
A8: DCP (210 days + clock-stops) | B8: RA | C8: 45048 | D8: 45353 | E8: 45109 | F8: 45460 | G8: =IF(F8="","",F8-D8) -> 107 | H8: =IF(G8="","",ROUND(G8/30.4,1)) -> 3.5 | I8: =IF(F8="","Open",IF(G8<=0,"Green",IF(G8<=30,"Amber","Red"))) -> Red | J8: Yes | K8: Day-120 clock-stop ran 4.5 months (dissolution method and nitrosamine risk assessment questions).
A9: National phase + translations | B9: RA / Affiliates | C9: 45353 | D9: 45399 | E9: 45460 | F9: 45506 | G9: =IF(F9="","",F9-D9) -> 107 | H9: =IF(G9="","",ROUND(G9/30.4,1)) -> 3.5 | I9: =IF(F9="","Open",IF(G9<=0,"Green",IF(G9<=30,"Amber","Red"))) -> Red | J9: Yes | K9: Followed the late end of procedure; Germany licensed month 19, France 19.5, others month 20.
A10: Artworks to printed packs | B10: Labelling / Supply | C10: 45262 | D10: 45429 | E10: 45460 | F10: 45552 | G10: =IF(F10="","",F10-D10) -> 123 | H10: =IF(G10="","",ROUND(G10/30.4,1)) -> 4 | I10: =IF(F10="","Open",IF(G10<=0,"Green",IF(G10<=30,"Amber","Red"))) -> Red | J10: Yes | K10: Decision to wait for final texts: drafts started after day 210 instead of during the clock-stop.
A11: EMVS onboarding + data | B11: Supply / QA | C11: 45293 | D11: 45384 | E11: 45353 | F11: 45537 | G11: =IF(F11="","",F11-D11) -> 153 | H11: =IF(G11="","",ROUND(G11/30.4,1)) -> 5 | I11: =IF(F11="","Open",IF(G11<=0,"Green",IF(G11<=30,"Amber","Red"))) -> Red | J11: No | K11: Product master data waited for final GTINs and the German PZN; finished within slack.
A12: Launch batch manufacture | B12: Partner I / QA | C12: 45293 | D12: 45414 | E12: 45324 | F12: 45490 | G12: =IF(F12="","",F12-D12) -> 76 | H12: =IF(G12="","",ROUND(G12/30.4,1)) -> 2.5 | I12: =IF(F12="","Open",IF(G12<=0,"Green",IF(G12<=30,"Amber","Red"))) -> Red | J12: No | K12: One batch failed dissolution (OOS investigation and remake, +2.5 months), absorbed by the artwork delay.
A13: Packing with final artwork | B13: Partner I | C13: 45429 | D13: 45445 | E13: 45552 | F13: 45567 | G13: =IF(F13="","",F13-D13) -> 122 | H13: =IF(G13="","",ROUND(G13/30.4,1)) -> 4 | I13: =IF(F13="","Open",IF(G13<=0,"Green",IF(G13<=30,"Amber","Red"))) -> Red | J13: Yes | K13: Could only start once printed packs existed.
A14: EU testing + QP release | B14: Site Q / QP | C14: 45445 | D14: 45475 | E14: 45567 | F14: 45613 | G14: =IF(F14="","",F14-D14) -> 138 | H14: =IF(G14="","",ROUND(G14/30.4,1)) -> 4.5 | I14: =IF(F14="","Open",IF(G14<=0,"Green",IF(G14<=30,"Amber","Red"))) -> Red | J14: Yes | K14: Import-testing lab capacity not booked in advance; first batch released month 22.5.
A15: Pricing / reimbursement (France) | B15: Market access | C15: 45399 | D15: 45460 | E15: 45521 | F15: 45749 | G15: =IF(F15="","",F15-D15) -> 289 | H15: =IF(G15="","",ROUND(G15/30.4,1)) -> 9.5 | I15: =IF(F15="","Open",IF(G15<=0,"Green",IF(G15<=30,"Amber","Red"))) -> Red | J15: No | K15: French price negotiation and listing took 7.5 months; France launched month 27.
A17: First sale (Germany) | B17: PM | D17: 45475 | F17: 45628 | G17: =F17-D17 -> 153 | H17: =ROUND(G17/30.4,1) -> 5 | I17: =IF(G17<=0,"Green",IF(G17<=30,"Amber","Red")) -> Red | K17: Last gate: QP release at Site Q (month 22.5), plus shipment to wholesalers.
A18: Critical-path phases that slipped | H18: =SUMPRODUCT((J5:J15="Yes")*(H5:H15>0)*1) -> 7 | K18: Count of critical-path phases that slipped (formula). Note: slips overlap, so they don't add up to the total delay.

Sheet Country tracker
A1: Country tracker: the gates per country
A2: Synthetic example (Project Kestrel). All names, dates and figures are invented for training.
A4: Country | B4: Licence granted | C4: Artwork approved | D4: EMVS data loaded | E4: Pricing / reimbursement | F4: Planned first sale | G4: Actual first sale | H4: Slip (days) | I4: RAG | J4: Last gate (formula)
A5: Germany | B5: 45506 | C5: 45537 | D5: 45537 | E5: Free pricing at launch; listed month 22.5 | F5: 45475 | G5: 45628 | H5: =IF(G5="","",G5-F5) -> 153 | I5: =IF(G5="","Open",IF(H5<=0,"Green",IF(H5<=60,"Amber","Red"))) -> Red | J5: =IF(MAX(B5:D5)>='Launch tracker'!$F$14,"Licence/artwork/EMVS","Stock or price") -> Stock or price
A6: Netherlands | B6: 45521 | C6: 45552 | D6: 45537 | E6: Listing month 23 | F6: 45490 | G6: 45643 | H6: =IF(G6="","",G6-F6) -> 153 | I6: =IF(G6="","Open",IF(H6<=0,"Green",IF(H6<=60,"Amber","Red"))) -> Red | J6: =IF(MAX(B6:D6)>='Launch tracker'!$F$14,"Licence/artwork/EMVS","Stock or price") -> Stock or price
A7: Spain | B7: 45537 | C7: 45567 | D7: 45537 | E7: Price approved month 22.5 | F7: 45506 | G7: 45659 | H7: =IF(G7="","",G7-F7) -> 153 | I7: =IF(G7="","Open",IF(H7<=0,"Green",IF(H7<=60,"Amber","Red"))) -> Red | J7: =IF(MAX(B7:D7)>='Launch tracker'!$F$14,"Licence/artwork/EMVS","Stock or price") -> Stock or price
A8: Poland | B8: 45537 | C8: 45598 | D8: 45537 | E8: Reimbursement list month 25 (Braille error on first proofs) | F8: 45537 | G8: 45705 | H8: =IF(G8="","",G8-F8) -> 168 | I8: =IF(G8="","Open",IF(H8<=0,"Green",IF(H8<=60,"Amber","Red"))) -> Red | J8: =IF(MAX(B8:D8)>='Launch tracker'!$F$14,"Licence/artwork/EMVS","Stock or price") -> Stock or price
A9: Italy | B9: 45537 | C9: 45567 | D9: 45537 | E9: Class A price month 24.5 | F9: 45537 | G9: 45690 | H9: =IF(G9="","",G9-F9) -> 153 | I9: =IF(G9="","Open",IF(H9<=0,"Green",IF(H9<=60,"Amber","Red"))) -> Red | J9: =IF(MAX(B9:D9)>='Launch tracker'!$F$14,"Licence/artwork/EMVS","Stock or price") -> Stock or price
A10: France | B10: 45521 | C10: 45567 | D10: 45537 | E10: CEPS price and listing month 27 | F10: 45521 | G10: 45749 | H10: =IF(G10="","",G10-F10) -> 228 | I10: =IF(G10="","Open",IF(H10<=0,"Green",IF(H10<=60,"Amber","Red"))) -> Red | J10: =IF(MAX(B10:D10)>='Launch tracker'!$F$14,"Licence/artwork/EMVS","Stock or price") -> Stock or price
A12: Note | B12: Last gate formula compares the latest of licence, artwork and EMVS with the QP release date on the Launch tracker. Where those were ready earlier, stock or price set the date.

Sheet RACI
A1: RACI: who does what
A2: Synthetic example (Project Kestrel). All names, dates and figures are invented for training. R = responsible, A = accountable (exactly one per row), C = consulted, I = informed.
A4: Task | B4: BD | C4: RA | D4: QA / QP | E4: Supply chain | F4: Labelling | G4: Market access | H4: PM | I4: Partner I | J4: Site Q | K4: Country GM | L4: Check (formula)
A5: Licence and supply agreement | B5: A | C5: C | D5: C | E5: C | F5: I | G5: C | H5: R | I5: R | J5: I | K5: C | L5: =IF(COUNTA(B5:K5)=0,"",IF(COUNTIF(B5:K5,"A")=1,"OK","Needs one A")) -> OK
A6: Dossier transfer and gap analysis | B6: I | C6: A | D6: R | E6: I | F6: I | G6: I | H6: C | I6: R | J6: I | K6: I | L6: =IF(COUNTA(B6:K6)=0,"",IF(COUNTIF(B6:K6,"A")=1,"OK","Needs one A")) -> OK
A7: Gap closure (stability, written confirmation) | B7: I | C7: A | D7: C | E7: I | F7: I | G7: I | H7: C | I7: R | J7: I | K7: I | L7: =IF(COUNTA(B7:K7)=0,"",IF(COUNTIF(B7:K7,"A")=1,"OK","Needs one A")) -> OK
A8: DCP submission and responses | B8: I | C8: A | D8: C | E8: I | F8: I | G8: I | H8: C | I8: R | J8: I | K8: I | L8: =IF(COUNTA(B8:K8)=0,"",IF(COUNTIF(B8:K8,"A")=1,"OK","Needs one A")) -> OK
A9: National phase and translations | B9: I | C9: A | D9: I | E9: I | F9: C | G9: I | H9: C | I9: I | J9: I | K9: I | L9: =IF(COUNTA(B9:K9)=0,"",IF(COUNTIF(B9:K9,"A")=1,"OK","Needs one A")) -> OK
A10: Artwork drafts and approval | B10: I | C10: C | D10: C | E10: C | F10: A | G10: C | H10: R | I10: C | J10: I | K10: I | L10: =IF(COUNTA(B10:K10)=0,"",IF(COUNTIF(B10:K10,"A")=1,"OK","Needs one A")) -> OK
A11: Printed components and printer slots | B11: I | C11: I | D11: C | E11: A | F11: C | G11: I | H11: C | I11: R | J11: I | K11: I | L11: =IF(COUNTA(B11:K11)=0,"",IF(COUNTIF(B11:K11,"A")=1,"OK","Needs one A")) -> OK
A12: EMVS onboarding and master data | B12: I | C12: C | D12: C | E12: A | F12: C | G12: I | H12: R | I12: I | J12: I | K12: I | L12: =IF(COUNTA(B12:K12)=0,"",IF(COUNTIF(B12:K12,"A")=1,"OK","Needs one A")) -> OK
A13: Launch batch manufacture | B13: I | C13: I | D13: C | E13: A | F13: I | G13: I | H13: C | I13: R | J13: I | K13: I | L13: =IF(COUNTA(B13:K13)=0,"",IF(COUNTIF(B13:K13,"A")=1,"OK","Needs one A")) -> OK
A14: Import testing and QP release | B14: I | C14: I | D14: A | E14: C | F14: I | G14: I | H14: C | I14: C | J14: R | K14: I | L14: =IF(COUNTA(B14:K14)=0,"",IF(COUNTIF(B14:K14,"A")=1,"OK","Needs one A")) -> OK
A15: Pricing and reimbursement dossiers | B15: C | C15: C | D15: I | E15: I | F15: I | G15: A | H15: C | I15: I | J15: I | K15: C | L15: =IF(COUNTA(B15:K15)=0,"",IF(COUNTIF(B15:K15,"A")=1,"OK","Needs one A")) -> OK
A16: Launch go/no-go per country | B16: C | C16: C | D16: C | E16: C | F16: C | G16: C | H16: R | I16: I | J16: I | K16: A | L16: =IF(COUNTA(B16:K16)=0,"",IF(COUNTIF(B16:K16,"A")=1,"OK","Needs one A")) -> OK

Sheet Risk register
A1: Risk register (snapshot at month 10, with outcomes added later)
A2: Synthetic example (Project Kestrel). All names, dates and figures are invented for training. Likelihood and impact 1–5. Score = L × I. Red ≥ 15, Amber 8–14, Green ≤ 7.
A4: ID | B4: Risk | C4: Category | D4: Cause | E4: Likelihood (1–5) | F4: Impact (1–5) | G4: Score | H4: RAG | I4: Owner | J4: Action | K4: Due | L4: Status | M4: What actually happened
A5: R1 | B5: DCP clock-stop longer than 3 months | C5: Regulatory | D5: Dissolution method and nitrosamine questions likely from RMS | E5: 4 | F5: 4 | G5: =IF(OR(E5="",F5=""),"",E5*F5) -> 16 | H5: =IF(G5="","",IF(G5>=15,"Red",IF(G5>=8,"Amber","Green"))) -> Red | I5: RA | J5: Pre-draft responses; nitrosamine risk assessment ready before submission | K5: 45079 | L5: Open | M5: Materialised: day-120 clock-stop 4.5 months (+1.5)
A6: R2 | B6: API written confirmation expires before submission | C6: Regulatory / Quality | D6: Current confirmation valid to month 3 | E6: 3 | F6: 5 | G6: =IF(OR(E6="",F6=""),"",E6*F6) -> 15 | H6: =IF(G6="","",IF(G6>=15,"Red",IF(G6>=8,"Amber","Green"))) -> Red | I6: QA | J6: Ask Partner I to start renewal at signing | K6: 44959 | L6: Closed late | M6: Materialised: renewal took 7 weeks during gap closure
A7: R3 | B7: Artwork drafts start late | C7: Artwork | D7: Team prefers to wait for final national texts | E7: 3 | F7: 4 | G7: =IF(OR(E7="",F7=""),"",E7*F7) -> 12 | H7: =IF(G7="","",IF(G7>=15,"Red",IF(G7>=8,"Amber","Green"))) -> Amber | I7: Labelling | J7: Start drafts at day 120 on the proposed texts | K7: 45201 | L7: Open | M7: Materialised: drafts started after day 210 (+2)
A8: R4 | B8: Launch batch fails release testing | C8: Supply / Quality | D8: New site for this strength; dissolution borderline in validation | E8: 2 | F8: 4 | G8: =IF(OR(E8="",F8=""),"",E8*F8) -> 8 | H8: =IF(G8="","",IF(G8>=15,"Red",IF(G8>=8,"Amber","Green"))) -> Amber | I8: Partner I / QA | J8: Make a third batch; book retest slot | K8: 45353 | L8: Open | M8: Materialised but absorbed: one batch remade, inside slack
A9: R5 | B9: Import-testing lab capacity at Site Q | C9: Supply | D9: Peak season in Q4; no slot booked | E9: 3 | F9: 3 | G9: =IF(OR(E9="",F9=""),"",E9*F9) -> 9 | H9: =IF(G9="","",IF(G9>=15,"Red",IF(G9>=8,"Amber","Green"))) -> Amber | I9: Supply | J9: Book testing slots 3 months ahead | K9: 45384 | L9: Open | M9: Materialised: release month 22.5 instead of 21.5
A10: R6 | B10: Printer slot for Braille cartons | C10: Artwork | D10: One printer for all six countries | E10: 2 | F10: 3 | G10: =IF(OR(E10="",F10=""),"",E10*F10) -> 6 | H10: =IF(G10="","",IF(G10>=15,"Red",IF(G10>=8,"Amber","Green"))) -> Green | I10: Supply | J10: Reserve slots at day 180 | K10: 45414 | L10: Open | M10: Partly: Polish Braille error on first proofs (+1 for Poland)
A11: R7 | B11: Patent or SPC blocks launch | C11: IP | D11: SPC expiry month 17 in all six countries | E11: 1 | F11: 5 | G11: =IF(OR(E11="",F11=""),"",E11*F11) -> 5 | H11: =IF(G11="","",IF(G11>=15,"Red",IF(G11>=8,"Amber","Green"))) -> Green | I11: BD / Legal | J11: Confirm no paediatric extension or new patents; FTO opinion | K11: 45109 | L11: Closed | M11: Did not materialise: SPC expired month 17, before licence
A12: R8 | B12: French pricing and listing slower than plan | C12: Market access | D12: CEPS negotiation; plan assumed 2 months | E12: 3 | F12: 3 | G12: =IF(OR(E12="",F12=""),"",E12*F12) -> 9 | H12: =IF(G12="","",IF(G12>=15,"Red",IF(G12>=8,"Amber","Green"))) -> Amber | I12: Market access | J12: Prepare price dossier before licence | K12: 45445 | L12: Open | M12: Materialised: France launched month 27
A14: Top 3 | B14: =IFERROR(INDEX(B5:B12,MATCH(LARGE(G5:G12,1),G5:G12,0)),"") -> DCP clock-stop longer than 3 months | D14: Top three by score (ties show the first match). Review these every week.
B15: =IFERROR(INDEX(B5:B12,MATCH(LARGE(G5:G12,2),G5:G12,0)),"") -> API written confirmation expires before submission
B16: =IFERROR(INDEX(B5:B12,MATCH(LARGE(G5:G12,3),G5:G12,0)),"") -> Artwork drafts start late

Sheet Decision log
A1: Decision log
A2: Synthetic example (Project Kestrel). All names, dates and figures are invented for training. One line per decision, so it isn't re-opened by accident.
A4: # | B4: Date | C4: Decision | D4: Options considered | E4: Decided by | F4: Impact on the plan | G4: Revisit by
A5: 1 | B5: 44943 | C5: Rebuild Module 3 in eCTD before gap analysis | D5: Rebuild now / submit old format and fix later | E5: Head of RA | F5: +1 month to transfer; avoided validation failure at RMS
A6: 2 | B6: 45018 | C6: Delay submission until 18-month stability data and renewed written confirmation | D6: Submit at month 4 with commitments / wait to month 6 | E6: Head of RA + Head of QA | F6: +2 months to submission; avoided a likely refusal at validation
A7: 3 | B7: 45216 | C7: Wait for final national texts before drafting artworks | D7: Draft at day 120 on proposed texts / wait for day 210 | E7: Labelling lead | F7: Saved rework but cost about 2 months on the critical path
A8: 4 | B8: 45353 | C8: Make a third launch batch after the dissolution OOS | D8: Release the two passing batches only / make a third batch | E8: Head of QA + Supply | F8: +2.5 months to batches; absorbed by artwork delay
A9: 5 | B9: 45506 | C9: Launch Germany first, other countries as packs and prices allow | D9: Wait for a joint six-country launch / staggered launch | E9: Launch committee | F9: Germany first sale month 23; others months 23.5–27
A10: 6 | B10: 45567 | C10: Pay for priority import testing at Site Q | D10: Standard queue / priority slot | E10: Supply lead | F10: Recovered about 3 weeks

Sheet Capstone
A1: Capstone: walk Project Kestrel backwards
A2: Synthetic example (Project Kestrel). All names, dates and figures are invented for training. Slips link to the Launch tracker.
A4: Step / phase | B4: Planned end | C4: Actual end | D4: Slip (months) | E4: Early-warning document | F4: Lesson for next time
A5: 1. First sale (Germany) | F5: First sale date, then work backwards.
A6: 2. Last gate to open | F6: Released stock: QP release month 22.5. Licence (month 19) and SPC expiry (month 17) were earlier.
A7: 3–5. Phase by phase
A8: Deal + dossier transfer | B8: ='Launch tracker'!D5 -> 44974 | C8: ='Launch tracker'!F5 -> 45002 | D8: ='Launch tracker'!H5 -> 0.9 | E8: Due-diligence checklist (dossier format) | F8: Check eCTD format and Module 3 completeness before signing; price the rebuild into the deal.
A9: Gap analysis + gap closure | B9: ='Launch tracker'!D6 -> 45048 | C9: ='Launch tracker'!F6 -> 45109 | D9: ='Launch tracker'!H6 -> 2 | E9: Written confirmation and stability summary in the data room | F9: List every document expiry date at signing; ask the partner to renew anything expiring within 6 months.
A10: DCP | B10: ='Launch tracker'!D8 -> 45353 | C10: ='Launch tracker'!F8 -> 45460 | D10: ='Launch tracker'!H8 -> 3.5 | E10: RMS assessment report trends and previous questions on the molecule | F10: Prepare dissolution justification and nitrosamine assessment before submission.
A11: National phase | B11: ='Launch tracker'!D9 -> 45399 | C11: ='Launch tracker'!F9 -> 45506 | D11: ='Launch tracker'!H9 -> 3.5 | E11: CMS translation timelines | F11: Book translators for all national languages before day 180.
A12: Artworks | B12: ='Launch tracker'!D10 -> 45429 | C12: ='Launch tracker'!F10 -> 45552 | D12: ='Launch tracker'!H10 -> 4 | E12: Decision log entry, month 9.5 | F12: Start drafts at day 120 on the proposed texts; accept small rework to protect the critical path.
A13: EMVS | B13: ='Launch tracker'!D11 -> 45384 | C13: ='Launch tracker'!F11 -> 45537 | D13: ='Launch tracker'!H11 -> 5 | E13: GTIN/PZN request list | F13: Request GTINs and national codes at submission, not at licence.
A14: Launch batches | B14: ='Launch tracker'!D12 -> 45414 | C14: ='Launch tracker'!F12 -> 45490 | D14: ='Launch tracker'!H12 -> 2.5 | E14: Process validation report (borderline dissolution) | F14: Plan a spare batch when validation results are borderline.
A15: EU testing + QP release | B15: ='Launch tracker'!D14 -> 45475 | C15: ='Launch tracker'!F14 -> 45613 | D15: ='Launch tracker'!H14 -> 4.5 | E15: Site Q capacity calendar | F15: Book import-testing slots three months ahead; confirm the testing method transfer.
A16: Pricing / reimbursement | B16: ='Launch tracker'!D15 -> 45460 | C16: ='Launch tracker'!F15 -> 45749 | D16: ='Launch tracker'!H15 -> 9.5 | E16: Country P&R calendars | F16: Prepare price dossiers before the licence; stagger launches deliberately.
A18: Questions to answer together
A19: What was on the critical path, and was it the one you expected? (Expected: DCP. Actual: transfer, gap closure, DCP, artwork, QP release.)
A20: Which slip could have been seen earlier, and from which document? (The written-confirmation expiry date was in the data room at signing.)
A21: Which phase overlapped well, and which didn't? (EMVS and the batch remake ran in slack; artwork drafts did not overlap the clock-stop.)
A22: What would you put in the risk register next time? (Import-testing capacity as a top-3 risk from month 12.)

Sheet RACI (blank)
A1: RACI: who does what
A2: Blank template. R = responsible, A = accountable (exactly one per row), C = consulted, I = informed.
A4: Task | B4: BD | C4: RA | D4: QA / QP | E4: Supply chain | F4: Labelling | G4: Market access | H4: PM | I4: Partner I | J4: Site Q | K4: Country GM | L4: Check (formula)
L5: =IF(COUNTA(B5:K5)=0,"",IF(COUNTIF(B5:K5,"A")=1,"OK","Needs one A"))
L6: =IF(COUNTA(B6:K6)=0,"",IF(COUNTIF(B6:K6,"A")=1,"OK","Needs one A"))
L7: =IF(COUNTA(B7:K7)=0,"",IF(COUNTIF(B7:K7,"A")=1,"OK","Needs one A"))
L8: =IF(COUNTA(B8:K8)=0,"",IF(COUNTIF(B8:K8,"A")=1,"OK","Needs one A"))
L9: =IF(COUNTA(B9:K9)=0,"",IF(COUNTIF(B9:K9,"A")=1,"OK","Needs one A"))
L10: =IF(COUNTA(B10:K10)=0,"",IF(COUNTIF(B10:K10,"A")=1,"OK","Needs one A"))
L11: =IF(COUNTA(B11:K11)=0,"",IF(COUNTIF(B11:K11,"A")=1,"OK","Needs one A"))
L12: =IF(COUNTA(B12:K12)=0,"",IF(COUNTIF(B12:K12,"A")=1,"OK","Needs one A"))
L13: =IF(COUNTA(B13:K13)=0,"",IF(COUNTIF(B13:K13,"A")=1,"OK","Needs one A"))
L14: =IF(COUNTA(B14:K14)=0,"",IF(COUNTIF(B14:K14,"A")=1,"OK","Needs one A"))
L15: =IF(COUNTA(B15:K15)=0,"",IF(COUNTIF(B15:K15,"A")=1,"OK","Needs one A"))
L16: =IF(COUNTA(B16:K16)=0,"",IF(COUNTIF(B16:K16,"A")=1,"OK","Needs one A"))

Sheet Risk register (blank)
A1: Risk register
A2: Blank template. Likelihood and impact 1–5. Score = L × I. Red ≥ 15, Amber 8–14, Green ≤ 7.
A4: ID | B4: Risk | C4: Category | D4: Cause | E4: Likelihood (1–5) | F4: Impact (1–5) | G4: Score | H4: RAG | I4: Owner | J4: Action | K4: Due | L4: Status | M4: What actually happened
A5: R1 | G5: =IF(OR(E5="",F5=""),"",E5*F5) | H5: =IF(G5="","",IF(G5>=15,"Red",IF(G5>=8,"Amber","Green")))
A6: R2 | G6: =IF(OR(E6="",F6=""),"",E6*F6) | H6: =IF(G6="","",IF(G6>=15,"Red",IF(G6>=8,"Amber","Green")))
A7: R3 | G7: =IF(OR(E7="",F7=""),"",E7*F7) | H7: =IF(G7="","",IF(G7>=15,"Red",IF(G7>=8,"Amber","Green")))
A8: R4 | G8: =IF(OR(E8="",F8=""),"",E8*F8) | H8: =IF(G8="","",IF(G8>=15,"Red",IF(G8>=8,"Amber","Green")))
A9: R5 | G9: =IF(OR(E9="",F9=""),"",E9*F9) | H9: =IF(G9="","",IF(G9>=15,"Red",IF(G9>=8,"Amber","Green")))
A10: R6 | G10: =IF(OR(E10="",F10=""),"",E10*F10) | H10: =IF(G10="","",IF(G10>=15,"Red",IF(G10>=8,"Amber","Green")))
A11: R7 | G11: =IF(OR(E11="",F11=""),"",E11*F11) | H11: =IF(G11="","",IF(G11>=15,"Red",IF(G11>=8,"Amber","Green")))
A12: R8 | G12: =IF(OR(E12="",F12=""),"",E12*F12) | H12: =IF(G12="","",IF(G12>=15,"Red",IF(G12>=8,"Amber","Green")))
A13: R9 | G13: =IF(OR(E13="",F13=""),"",E13*F13) | H13: =IF(G13="","",IF(G13>=15,"Red",IF(G13>=8,"Amber","Green")))
A14: R10 | G14: =IF(OR(E14="",F14=""),"",E14*F14) | H14: =IF(G14="","",IF(G14>=15,"Red",IF(G14>=8,"Amber","Green")))
A15: R11 | G15: =IF(OR(E15="",F15=""),"",E15*F15) | H15: =IF(G15="","",IF(G15>=15,"Red",IF(G15>=8,"Amber","Green")))
A16: R12 | G16: =IF(OR(E16="",F16=""),"",E16*F16) | H16: =IF(G16="","",IF(G16>=15,"Red",IF(G16>=8,"Amber","Green")))
A18: Top 3 | B18: =IFERROR(INDEX(B5:B16,MATCH(LARGE(G5:G16,1),G5:G16,0)),"") | D18: Top three by score (ties show the first match). Review these every week.
B19: =IFERROR(INDEX(B5:B16,MATCH(LARGE(G5:G16,2),G5:G16,0)),"")
B20: =IFERROR(INDEX(B5:B16,MATCH(LARGE(G5:G16,3),G5:G16,0)),"")

Sheet Decision log (blank)
A1: Decision log
A2: Blank template. One line per decision, so it isn't re-opened by accident.
A4: # | B4: Date | C4: Decision | D4: Options considered | E4: Decided by | F4: Impact on the plan | G4: Revisit by
A5: 1
A6: 2
A7: 3
A8: 4
A9: 5
A10: 6
A11: 7
A12: 8
A13: 9
A14: 10
